id,name,linkedin_url
madhavan02,Madhavan Balaji,https://www.linkedin.com/in/madhavanbalaji/
Vigneshwar_RR,Vigneshwar Ravi,https://www.linkedin.com/in/vigneshwarravirao/
yashwanth1129,Yashwanth Anantha,https://www.linkedin.com/in/yashwanth-anantha-13a099192/
user2464b,Raghuveer Venkatesh,https://www.linkedin.com/in/raghuveer-venkatesh/
Jagath_kumar_reddy_k,Jagath Kumar Reddy,https://www.linkedin.com/in/jagathkrk/
